OfficeSymbols_2014\Clouds\Azure.svg, 2457, 1619, 65%
OfficeSymbols_2014\Clouds\Cloud.svg, 2137, 1254, 58%
OfficeSymbols_2014\Clouds\Cloud_Disaster.svg, 3468, 2277, 65%
OfficeSymbols_2014\Clouds\Cloud_Disaster_red.svg, 3146, 2202, 69%
OfficeSymbols_2014\Clouds\Cloud_Exchange_Online.svg, 4611, 3212, 69%
OfficeSymbols_2014\Clouds\Cloud_Service_Request.svg, 5712, 4427, 77%
OfficeSymbols_2014\Clouds\Cloud_SharePoint_Online.svg, 4327, 3020, 69%
OfficeSymbols_2014\Clouds\Office_365_Cloud.svg, 2864, 1868, 65%
OfficeSymbols_2014\Clouds\Online_Backup.svg, 3008, 1834, 60%
OfficeSymbols_2014\Clouds\Online_User.svg, 3684, 2567, 69%
OfficeSymbols_2014\Clouds\Private_Cloud.svg, 1774, 899, 50%
OfficeSymbols_2014\Clouds\Public_Cloud.svg, 7963, 5571, 69%
OfficeSymbols_2014\Clouds\Public_IM_Cloud_Service.svg, 10733, 8083, 75%
OfficeSymbols_2014\Communications\3rd_Party_Call_Center_Solution.svg, 5454, 3745, 68%
OfficeSymbols_2014\Communications\3rd_Party_Integration.svg, 3943, 2398, 60%
OfficeSymbols_2014\Communications\3rd_Party_Service.svg, 6646, 5186, 78%
OfficeSymbols_2014\Communications\Application_Sharing_Workload.svg, 4726, 2834, 59%
OfficeSymbols_2014\Communications\Audio_Conferencing_Application.svg, 3091, 2161, 69%
OfficeSymbols_2014\Communications\Central_Management_Service.svg, 4610, 3592, 77%
OfficeSymbols_2014\Communications\Chat_Room.svg, 4968, 3463, 69%
OfficeSymbols_2014\Communications\Conference_Announcement_Service.svg, 6501, 4935, 75%
OfficeSymbols_2014\Communications\Disconnected_Mailbox.svg, 2954, 1641, 55%
OfficeSymbols_2014\Communications\Discovery_Search_Mailbox.svg, 3525, 2227, 63%
OfficeSymbols_2014\Communications\Dynamic_Distribution_Group.svg, 5915, 4025, 68%
OfficeSymbols_2014\Communications\Edge_Subscription.svg, 3132, 1952, 62%
OfficeSymbols_2014\Communications\Email_Workload.svg, 3209, 1705, 53%
OfficeSymbols_2014\Communications\Equipment_Mailbox.svg, 3237, 1930, 59%
OfficeSymbols_2014\Communications\Exchange_Active_Sync-blue.svg, 2066, 1226, 59%
OfficeSymbols_2014\Communications\Exchange_Active_Sync.svg, 2464, 1429, 57%
OfficeSymbols_2014\Communications\Fax_Partner.svg, 2489, 1629, 65%
OfficeSymbols_2014\Communications\Global_Address_List.svg, 9483, 6401, 67%
OfficeSymbols_2014\Communications\Hybrid_VoIP_Gateway.svg, 5267, 3577, 67%
OfficeSymbols_2014\Communications\IM_Workload.svg, 3011, 1724, 57%
OfficeSymbols_2014\Communications\Journaling_Rule.svg, 3247, 1780, 54%
OfficeSymbols_2014\Communications\Local_Move_Request.svg, 2916, 1488, 51%
OfficeSymbols_2014\Communications\Lync_Control_Panel.svg, 4506, 3085, 68%
OfficeSymbols_2014\Communications\Lync_Phone_Edition.svg, 5028, 3780, 75%
OfficeSymbols_2014\Communications\Lync_Room_System.svg, 8158, 5827, 71%
OfficeSymbols_2014\Communications\Lync_Server_Management_Tool.svg, 4089, 2665, 65%
OfficeSymbols_2014\Communications\Lync_Storage_Service.svg, 6465, 4898, 75%
OfficeSymbols_2014\Communications\Lync_Web_App_Client.svg, 7990, 5168, 64%
OfficeSymbols_2014\Communications\Mail-Enabled_Public_Folder.svg, 4101, 2281, 55%
OfficeSymbols_2014\Communications\Mailbox_Assistant.svg, 3559, 2051, 57%
OfficeSymbols_2014\Communications\Messages_Queued.svg, 3197, 1726, 53%
OfficeSymbols_2014\Communications\Offline_Address_Book.svg, 5986, 4024, 67%
OfficeSymbols_2014\Communications\Personal_Archive_Mailbox.svg, 3470, 1860, 53%
OfficeSymbols_2014\Communications\Public_IM_Cloud_Service.svg, 10295, 8077, 78%
OfficeSymbols_2014\Communications\Push_Notification_Service.svg, 5247, 4064, 77%
OfficeSymbols_2014\Communications\Queue_Viewer.svg, 4667, 2644, 56%
OfficeSymbols_2014\Communications\Remote_Mailbox.svg, 6889, 4092, 59%
OfficeSymbols_2014\Communications\Remote_Move_Request.svg, 7121, 4319, 60%
OfficeSymbols_2014\Communications\Response_Group.svg, 5890, 4624, 78%
OfficeSymbols_2014\Communications\Response_Group_Service.svg, 5890, 4624, 78%
OfficeSymbols_2014\Communications\Room_Mailbox.svg, 8857, 6138, 69%
OfficeSymbols_2014\Communications\Shared_Mailbox.svg, 4045, 2569, 63%
OfficeSymbols_2014\Communications\SIP_URI_UM_Dial_Plan.svg, 5317, 3762, 70%
OfficeSymbols_2014\Communications\Site_Mailbox.svg, 2784, 1576, 56%
OfficeSymbols_2014\Communications\Skype_for_Business_Control_Panel.svg, 4940, 3367, 68%
OfficeSymbols_2014\Communications\Skype_for_Business_Phone_Edition.svg, 5238, 4025, 76%
OfficeSymbols_2014\Communications\Skype_for_Business_Room_System.svg, 8848, 6097, 68%
OfficeSymbols_2014\Communications\Skype_for_Business_Server_Management_Tool.svg, 4358, 2903, 66%
OfficeSymbols_2014\Communications\Skype_for_Business_Storage_Service.svg, 6588, 5128, 77%
OfficeSymbols_2014\Communications\Skype_for_Business_Web_App_Client.svg, 8589, 5448, 63%
OfficeSymbols_2014\Communications\SMS_Gateway.svg, 3849, 2135, 55%
OfficeSymbols_2014\Communications\SMTP_Connector.svg, 2816, 1517, 53%
OfficeSymbols_2014\Communications\System_Mailbox.svg, 3526, 2002, 56%
OfficeSymbols_2014\Communications\TDM-PBX.svg, 5223, 2780, 53%
OfficeSymbols_2014\Communications\Telephone_Extension_Dial_Plan.svg, 4948, 3402, 68%
OfficeSymbols_2014\Communications\Transport_Rule.svg, 3280, 1767, 53%
OfficeSymbols_2014\Communications\UCMA_Application.svg, 2610, 1683, 64%
OfficeSymbols_2014\Communications\UCWA_Application.svg, 2130, 1203, 56%
OfficeSymbols_2014\Communications\UM-Enabled_Mailbox.svg, 4598, 3177, 69%
OfficeSymbols_2014\Communications\UM_Auto_Attendant.svg, 4874, 3053, 62%
OfficeSymbols_2014\Communications\UM_Dial_Plan_E164.svg, 6524, 4842, 74%
OfficeSymbols_2014\Communications\UM_Dial_Plan_Secondary.svg, 4691, 3351, 71%
OfficeSymbols_2014\Communications\UM_Hunt_Group.svg, 6475, 4678, 72%
OfficeSymbols_2014\Communications\UM_IP_Gateway.svg, 4720, 3262, 69%
OfficeSymbols_2014\Communications\User_Mailbox.svg, 3643, 2233, 61%
OfficeSymbols_2014\Communications\Video_Workload.svg, 5357, 2810, 52%
OfficeSymbols_2014\Communications\Voice_Mail_Preview_Partner.svg, 2872, 1876, 65%
OfficeSymbols_2014\Communications\Voice_Workload.svg, 3659, 2358, 64%
OfficeSymbols_2014\Communications\VoIP_Gateway.svg, 2325, 1185, 50%
OfficeSymbols_2014\Communications\Watcher_Node.svg, 3776, 2645, 70%
OfficeSymbols_2014\Communications\XMPP_Service.svg, 6058, 4671, 77%
OfficeSymbols_2014\Concepts\Address_Book.svg, 5657, 3643, 64%
OfficeSymbols_2014\Concepts\Anti-Spam.svg, 2847, 1571, 55%
OfficeSymbols_2014\Concepts\Application_Android.svg, 4862, 3163, 65%
OfficeSymbols_2014\Concepts\Application_Generic.svg, 1582, 704, 44%
OfficeSymbols_2014\Concepts\Application_Hybrid.svg, 2829, 1528, 54%
OfficeSymbols_2014\Concepts\Application_iOS.svg, 3511, 2207, 62%
OfficeSymbols_2014\Concepts\Application_Web.svg, 3188, 2020, 63%
OfficeSymbols_2014\Concepts\Application_Windows.svg, 1063, 528, 49%
OfficeSymbols_2014\Concepts\App_for_Office.svg, 2586, 1387, 53%
OfficeSymbols_2014\Concepts\App_for_SharePoint.svg, 2586, 1387, 53%
OfficeSymbols_2014\Concepts\App_Part.svg, 1810, 888, 49%
OfficeSymbols_2014\Concepts\Archive.svg, 2164, 1048, 48%
OfficeSymbols_2014\Concepts\Attachment.svg, 1824, 942, 51%
OfficeSymbols_2014\Concepts\Backup_Local.svg, 2225, 1206, 54%
OfficeSymbols_2014\Concepts\Backup_Online.svg, 2858, 1835, 64%
OfficeSymbols_2014\Concepts\Bandwidth.svg, 3449, 1876, 54%
OfficeSymbols_2014\Concepts\Bandwidth_Calculator.svg, 5696, 3488, 61%
OfficeSymbols_2014\Concepts\Best_Practices.svg, 4038, 3011, 74%
OfficeSymbols_2014\Concepts\Book_Journal.svg, 1689, 860, 50%
OfficeSymbols_2014\Concepts\Calculator.svg, 2821, 1894, 67%
OfficeSymbols_2014\Concepts\Calendar.svg, 4918, 2524, 51%
OfficeSymbols_2014\Concepts\Clipboard.svg, 2027, 1196, 59%
OfficeSymbols_2014\Concepts\Clock.svg, 1952, 1116, 57%
OfficeSymbols_2014\Concepts\Column.svg, 2331, 1211, 51%
OfficeSymbols_2014\Concepts\Connector.svg, 2371, 1525, 64%
OfficeSymbols_2014\Concepts\Contacts.svg, 2885, 1592, 55%
OfficeSymbols_2014\Concepts\Content_Type.svg, 2723, 1482, 54%
OfficeSymbols_2014\Concepts\Credit_Card.svg, 1822, 902, 49%
OfficeSymbols_2014\Concepts\Document.svg, 1853, 933, 50%
OfficeSymbols_2014\Concepts\Documents.svg, 2304, 1199, 52%
OfficeSymbols_2014\Concepts\Documents_Shared.svg, 4612, 2605, 56%
OfficeSymbols_2014\Concepts\Document_Blank.svg, 1300, 420, 32%
OfficeSymbols_2014\Concepts\Document_Shared.svg, 4085, 2267, 55%
OfficeSymbols_2014\Concepts\Download.svg, 2837, 1457, 51%
OfficeSymbols_2014\Concepts\Email.svg, 1983, 968, 48%
OfficeSymbols_2014\Concepts\Email_Approved.svg, 2767, 1488, 53%
OfficeSymbols_2014\Concepts\Email_Expired.svg, 3677, 2193, 59%
OfficeSymbols_2014\Concepts\Email_Rejected.svg, 3012, 1733, 57%
OfficeSymbols_2014\Concepts\File_Key.svg, 2902, 1606, 55%
OfficeSymbols_2014\Concepts\Firewall-blue.svg, 3114, 1423, 45%
OfficeSymbols_2014\Concepts\Firewall-ghosted.svg, 29423, 14559, 49%
OfficeSymbols_2014\Concepts\Firewall-green.svg, 3110, 1419, 45%
OfficeSymbols_2014\Concepts\Firewall-orange.svg, 3110, 1419, 45%
OfficeSymbols_2014\Concepts\Firewall.svg, 2951, 1399, 47%
OfficeSymbols_2014\Concepts\Folder-blue.svg, 1714, 883, 51%
OfficeSymbols_2014\Concepts\Folder-ghosted.svg, 6996, 3487, 49%
OfficeSymbols_2014\Concepts\Folder-green.svg, 1711, 880, 51%
OfficeSymbols_2014\Concepts\Folder-orange.svg, 1715, 884, 51%
OfficeSymbols_2014\Concepts\Folder.svg, 1714, 883, 51%
OfficeSymbols_2014\Concepts\Folders.svg, 3570, 1896, 53%
OfficeSymbols_2014\Concepts\Folder_Open.svg, 2022, 1102, 54%
OfficeSymbols_2014\Concepts\Folder_Public.svg, 3118, 1726, 55%
OfficeSymbols_2014\Concepts\Folder_Shared.svg, 3715, 2239, 60%
OfficeSymbols_2014\Concepts\Form.svg, 3133, 1828, 58%
OfficeSymbols_2014\Concepts\Get_Started.svg, 2960, 1639, 55%
OfficeSymbols_2014\Concepts\Globe_Internet.svg, 5780, 3467, 59%
OfficeSymbols_2014\Concepts\Help.svg, 2573, 1615, 62%
OfficeSymbols_2014\Concepts\Home-blue.svg, 1715, 837, 48%
OfficeSymbols_2014\Concepts\Home-ghosted.svg, 6828, 3694, 54%
OfficeSymbols_2014\Concepts\Home-green.svg, 1715, 837, 48%
OfficeSymbols_2014\Concepts\Home-orange.svg, 1715, 837, 48%
OfficeSymbols_2014\Concepts\Home.svg, 1718, 840, 48%
OfficeSymbols_2014\Concepts\Home_Page-blue.svg, 2154, 1057, 49%
OfficeSymbols_2014\Concepts\Home_Page-ghosted.svg, 13948, 7010, 50%
OfficeSymbols_2014\Concepts\Home_Page-green.svg, 2154, 1057, 49%
OfficeSymbols_2014\Concepts\Home_Page-orange.svg, 2154, 1057, 49%
OfficeSymbols_2014\Concepts\Home_Page.svg, 2219, 1122, 50%
OfficeSymbols_2014\Concepts\Hybrid.svg, 6573, 3307, 50%
OfficeSymbols_2014\Concepts\Input_Output_Filter.svg, 3146, 1461, 46%
OfficeSymbols_2014\Concepts\Install.svg, 2307, 1285, 55%
OfficeSymbols_2014\Concepts\Integration.svg, 1558, 731, 46%
OfficeSymbols_2014\Concepts\Lab.svg, 2894, 1942, 67%
OfficeSymbols_2014\Concepts\Learn.svg, 5939, 3617, 60%
OfficeSymbols_2014\Concepts\lib-office-concepts-drawio.svg, 172527, 91770, 53%
OfficeSymbols_2014\Concepts\License.svg, 5397, 3662, 67%
OfficeSymbols_2014\Concepts\Link.svg, 2814, 1871, 66%
OfficeSymbols_2014\Concepts\List_Library.svg, 2828, 1591, 56%
OfficeSymbols_2014\Concepts\Mailbox.svg, 2546, 1216, 47%
OfficeSymbols_2014\Concepts\Mailbox2.svg, 2857, 1316, 46%
OfficeSymbols_2014\Concepts\Maintenance.svg, 2734, 1730, 63%
OfficeSymbols_2014\Concepts\Marketplace_Shopping_Bag.svg, 1475, 667, 45%
OfficeSymbols_2014\Concepts\Meets_Requirements.svg, 3120, 1903, 60%
OfficeSymbols_2014\Concepts\Migration.svg, 2415, 1280, 53%
OfficeSymbols_2014\Concepts\MOEs.svg, 2803, 1506, 53%
OfficeSymbols_2014\Concepts\Navigation.svg, 3807, 1993, 52%
OfficeSymbols_2014\Concepts\Node_Generic-blue.svg, 1838, 886, 48%
OfficeSymbols_2014\Concepts\Node_Generic-ghosted.svg, 9151, 4598, 50%
OfficeSymbols_2014\Concepts\Node_Generic-green.svg, 1842, 890, 48%
OfficeSymbols_2014\Concepts\Node_Generic-orange.svg, 1838, 886, 48%
OfficeSymbols_2014\Concepts\Node_Generic.svg, 1842, 890, 48%
OfficeSymbols_2014\Concepts\Office_Installed.svg, 2221, 1080, 48%
OfficeSymbols_2014\Concepts\On_Premises.svg, 1658, 747, 45%
OfficeSymbols_2014\Concepts\On_Premises_Directory.svg, 3223, 2063, 64%
OfficeSymbols_2014\Concepts\Phishing.svg, 3128, 1724, 55%
OfficeSymbols_2014\Concepts\Pin.svg, 1656, 784, 47%
OfficeSymbols_2014\Concepts\Platform_Options.svg, 7831, 4198, 53%
OfficeSymbols_2014\Concepts\Properties.svg, 3972, 2127, 53%
OfficeSymbols_2014\Concepts\Publish.svg, 4657, 2396, 51%
OfficeSymbols_2014\Concepts\Remote_Access.svg, 3893, 2376, 61%
OfficeSymbols_2014\Concepts\Script.svg, 2939, 1646, 56%
OfficeSymbols_2014\Concepts\Search.svg, 1968, 1092, 55%
OfficeSymbols_2014\Concepts\Service_Application.svg, 4716, 3573, 75%
OfficeSymbols_2014\Concepts\Settings.svg, 4128, 3167, 76%
OfficeSymbols_2014\Concepts\Settings_Office_365.svg, 2679, 1839, 68%
OfficeSymbols_2014\Concepts\Sign_up.svg, 3460, 1945, 56%
OfficeSymbols_2014\Concepts\Sound_File.svg, 2819, 1526, 54%
OfficeSymbols_2014\Concepts\Tasks.svg, 2375, 1450, 61%
OfficeSymbols_2014\Concepts\Technical_Diagram.svg, 4586, 2963, 64%
OfficeSymbols_2014\Concepts\Upgrade_Application.svg, 2375, 1344, 56%
OfficeSymbols_2014\Concepts\Upgrade_Server.svg, 2281, 1258, 55%
OfficeSymbols_2014\Concepts\Upgrade_Site.svg, 4279, 2182, 50%
OfficeSymbols_2014\Concepts\Upload.svg, 2925, 1424, 48%
OfficeSymbols_2014\Concepts\Video_Play.svg, 1785, 958, 53%
OfficeSymbols_2014\Concepts\View_Form.svg, 4388, 2395, 54%
OfficeSymbols_2014\Concepts\Voicemail.svg, 2487, 1540, 61%
OfficeSymbols_2014\Concepts\Voicemail_Preview.svg, 3808, 2601, 68%
OfficeSymbols_2014\Concepts\Walkthrough.svg, 6532, 4088, 62%
OfficeSymbols_2014\Concepts\Website.svg, 7388, 4195, 56%
OfficeSymbols_2014\Concepts\Web_Conferencing.svg, 7390, 4592, 62%
OfficeSymbols_2014\Concepts\Web_Page.svg, 6429, 3632, 56%
OfficeSymbols_2014\Concepts\Web_Part.svg, 3551, 1833, 51%
OfficeSymbols_2014\Concepts\Web_Services.svg, 8699, 6069, 69%
OfficeSymbols_2014\Concepts\Whats_New.svg, 3128, 2203, 70%
OfficeSymbols_2014\Concepts\Windows_PowerShell.svg, 1044, 600, 57%
OfficeSymbols_2014\Concepts\Writing_Pen.svg, 2292, 1447, 63%
OfficeSymbols_2014\Concepts\Writing_Pencil.svg, 1653, 769, 46%
OfficeSymbols_2014\Databases\Address_Book_Store.svg, 6824, 3968, 58%
OfficeSymbols_2014\Databases\Application_Store.svg, 3210, 1738, 54%
OfficeSymbols_2014\Databases\Database-blue.svg, 1777, 955, 53%
OfficeSymbols_2014\Databases\Database-ghosted.svg, 7522, 4166, 55%
OfficeSymbols_2014\Databases\Database-green.svg, 1778, 956, 53%
OfficeSymbols_2014\Databases\Database-orange.svg, 1778, 956, 53%
OfficeSymbols_2014\Databases\Database.svg, 1692, 685, 40%
OfficeSymbols_2014\Databases\Database_Availability_Group.svg, 3739, 2079, 55%
OfficeSymbols_2014\Databases\Database_Cube-blue.svg, 7285, 3612, 49%
OfficeSymbols_2014\Databases\Database_Cube-ghosted.svg, 21856, 11421, 52%
OfficeSymbols_2014\Databases\Database_Cube-green.svg, 7276, 3603, 49%
OfficeSymbols_2014\Databases\Database_Cube-orange.svg, 7284, 3611, 49%
OfficeSymbols_2014\Databases\Database_Cube.svg, 7279, 3610, 49%
OfficeSymbols_2014\Databases\Database_mini_1-blue.svg, 1781, 953, 53%
OfficeSymbols_2014\Databases\Database_mini_1-ghosted.svg, 6543, 3692, 56%
OfficeSymbols_2014\Databases\Database_mini_1-green.svg, 1784, 956, 53%
OfficeSymbols_2014\Databases\Database_mini_1-orange.svg, 1784, 956, 53%
OfficeSymbols_2014\Databases\Database_mini_1.svg, 1781, 953, 53%
OfficeSymbols_2014\Databases\Database_mini_2-blue.svg, 2077, 1155, 55%
OfficeSymbols_2014\Databases\Database_mini_2-ghosted.svg, 9224, 5319, 57%
OfficeSymbols_2014\Databases\Database_mini_2-green.svg, 2077, 1155, 55%
OfficeSymbols_2014\Databases\Database_mini_2-orange.svg, 2077, 1155, 55%
OfficeSymbols_2014\Databases\Database_mini_2.svg, 2792, 1502, 53%
OfficeSymbols_2014\Databases\Database_mini_3-blue.svg, 2394, 1379, 57%
OfficeSymbols_2014\Databases\Database_mini_3-ghosted.svg, 12055, 7006, 58%
OfficeSymbols_2014\Databases\Database_mini_3-green.svg, 2400, 1385, 57%
OfficeSymbols_2014\Databases\Database_mini_3-orange.svg, 2394, 1379, 57%
OfficeSymbols_2014\Databases\Database_mini_3.svg, 3736, 2071, 55%
OfficeSymbols_2014\Databases\Database_Mirror.svg, 3585, 2006, 55%
OfficeSymbols_2014\Databases\Database_Mirror_Witness_Node.svg, 1529, 1014, 66%
OfficeSymbols_2014\Databases\Database_Partition_2.svg, 3037, 1668, 54%
OfficeSymbols_2014\Databases\Database_Partition_3.svg, 3835, 2187, 57%
OfficeSymbols_2014\Databases\Database_Partition_4.svg, 3485, 1978, 56%
OfficeSymbols_2014\Databases\Database_Partition_5.svg, 4565, 2640, 57%
OfficeSymbols_2014\Databases\Database_Public_Folder.svg, 3448, 1924, 55%
OfficeSymbols_2014\Databases\Database_Server-blue.svg, 2617, 1391, 53%
OfficeSymbols_2014\Databases\Database_Server-ghosted.svg, 6124, 3462, 56%
OfficeSymbols_2014\Databases\Database_Server-green.svg, 2617, 1391, 53%
OfficeSymbols_2014\Databases\Database_Server-orange.svg, 2617, 1391, 53%
OfficeSymbols_2014\Databases\Database_Server.svg, 2440, 1324, 54%
OfficeSymbols_2014\Databases\lib-office-databases-drawio.svg, 53076, 31879, 60%
OfficeSymbols_2014\Databases\Mailbox_Database.svg, 3416, 1819, 53%
OfficeSymbols_2014\Databases\Monitoring_Store.svg, 3248, 1862, 57%
OfficeSymbols_2014\Databases\Unified_Contact_Store.svg, 6111, 3126, 51%
OfficeSymbols_2014\Databases\Web_Store.svg, 6798, 3938, 57%
OfficeSymbols_2014\Devices\CD-DVD.svg, 2133, 1205, 56%
OfficeSymbols_2014\Devices\Cell_Phone_Android_Proportional.svg, 2426, 1418, 58%
OfficeSymbols_2014\Devices\Cell_Phone_Android_Stand-alone.svg, 2494, 1475, 59%
OfficeSymbols_2014\Devices\Cell_Phone_Generic.svg, 857, 441, 51%
OfficeSymbols_2014\Devices\Cell_Phone_iPhone_Proportional.svg, 2283, 1173, 51%
OfficeSymbols_2014\Devices\Cell_Phone_iPhone_Stand-alone.svg, 2108, 1093, 51%
OfficeSymbols_2014\Devices\Cell_Phone_Windows_Phone_Proportional.svg, 2591, 1365, 52%
OfficeSymbols_2014\Devices\Cell_Phone_Windows_Phone_Stand-alone.svg, 2435, 1294, 53%
OfficeSymbols_2014\Devices\Data_Jack.svg, 1942, 1115, 57%
OfficeSymbols_2014\Devices\Device_Bluetooth.svg, 3511, 2373, 67%
OfficeSymbols_2014\Devices\Device_Fax.svg, 3319, 2098, 63%
OfficeSymbols_2014\Devices\Device_Headset.svg, 2390, 1511, 63%
OfficeSymbols_2014\Devices\Device_Laptop.svg, 989, 526, 53%
OfficeSymbols_2014\Devices\Device_LCD_Monitor.svg, 922, 607, 65%
OfficeSymbols_2014\Devices\Device_Mac_Client.svg, 1780, 897, 50%
OfficeSymbols_2014\Devices\Device_Microphone.svg, 2035, 1162, 57%
OfficeSymbols_2014\Devices\Device_Phone_Digital.svg, 3256, 2186, 67%
OfficeSymbols_2014\Devices\Device_Phone_Traditional.svg, 5739, 3791, 66%
OfficeSymbols_2014\Devices\Device_Phone_USB.svg, 4697, 3460, 73%
OfficeSymbols_2014\Devices\Device_Phone_VoIP.svg, 8294, 5392, 65%
OfficeSymbols_2014\Devices\Device_Printer.svg, 2394, 1346, 56%
OfficeSymbols_2014\Devices\Device_RoundTable.svg, 2290, 1412, 61%
OfficeSymbols_2014\Devices\Device_Stylus.svg, 2674, 1416, 52%
OfficeSymbols_2014\Devices\Device_Tablet_Android.svg, 1345, 559, 41%
OfficeSymbols_2014\Devices\Device_Tablet_iPad.svg, 959, 527, 54%
OfficeSymbols_2014\Devices\Device_Tablet_iPad_Mini.svg, 2127, 1089, 51%
OfficeSymbols_2014\Devices\Device_Tablet_Windows_7-inch.svg, 1741, 908, 52%
OfficeSymbols_2014\Devices\Device_Tablet_Windows_8.svg, 1489, 613, 41%
OfficeSymbols_2014\Devices\Device_TV.svg, 1937, 1111, 57%
OfficeSymbols_2014\Devices\Device_Update_Service.svg, 6428, 4688, 72%
OfficeSymbols_2014\Devices\Device_Webcam.svg, 3243, 1909, 58%
OfficeSymbols_2014\Devices\Device_Webcam_HD.svg, 4219, 2501, 59%
OfficeSymbols_2014\Devices\Hard_Disk.svg, 3419, 1995, 58%
OfficeSymbols_2014\Devices\IP-PBX.svg, 5443, 2808, 51%
OfficeSymbols_2014\Devices\IP_Gateway.svg, 5024, 2475, 49%
OfficeSymbols_2014\Devices\Load_Balancer.svg, 4468, 2417, 54%
OfficeSymbols_2014\Devices\Management_Console.svg, 1359, 755, 55%
OfficeSymbols_2014\Devices\Modem.svg, 1935, 1183, 61%
OfficeSymbols_2014\Devices\NIC.svg, 2446, 1247, 50%
OfficeSymbols_2014\Devices\Router.svg, 4390, 2415, 55%
OfficeSymbols_2014\Devices\Session_Border_Controller.svg, 3219, 1986, 61%
OfficeSymbols_2014\Devices\Shadowed_Router.svg, 5442, 3108, 57%
OfficeSymbols_2014\Devices\Switch.svg, 5133, 2634, 51%
OfficeSymbols_2014\Devices\Video_Camera.svg, 1814, 892, 49%
OfficeSymbols_2014\Devices\Video_Gateway.svg, 6910, 3262, 47%
OfficeSymbols_2014\Devices\Workstation.svg, 2809, 1695, 60%
OfficeSymbols_2014\Devices\Workstation_PC.svg, 3903, 2250, 57%
OfficeSymbols_2014\Devices\Workstation_Visual_Studio.svg, 3418, 2109, 61%
OfficeSymbols_2014\Security\Active_Directory.svg, 1426, 856, 60%
OfficeSymbols_2014\Security\Address_Book_Policies.svg, 7085, 4296, 60%
OfficeSymbols_2014\Security\Certificate.svg, 3104, 1871, 60%
OfficeSymbols_2014\Security\Credentials.svg, 3358, 2148, 63%
OfficeSymbols_2014\Security\Domain.svg, 1491, 610, 40%
OfficeSymbols_2014\Security\Email_Address_Policy.svg, 3361, 1885, 56%
OfficeSymbols_2014\Security\Federation_Service.svg, 5600, 4196, 74%
OfficeSymbols_2014\Security\Federation_Trust.svg, 3471, 2088, 60%
OfficeSymbols_2014\Security\IRM-Protected_Message.svg, 2449, 1251, 51%
OfficeSymbols_2014\Security\Key_Permissions-blue.svg, 1672, 793, 47%
OfficeSymbols_2014\Security\Key_Permissions-ghosted.svg, 10026, 5849, 58%
OfficeSymbols_2014\Security\Key_Permissions-green.svg, 1678, 796, 47%
OfficeSymbols_2014\Security\Key_Permissions-orange.svg, 1675, 796, 47%
OfficeSymbols_2014\Security\Key_Permissions.svg, 1678, 799, 47%
OfficeSymbols_2014\Security\lib-office-security-drawio.svg, 61854, 35372, 57%
OfficeSymbols_2014\Security\Lock_Protected-blue.svg, 1707, 836, 48%
OfficeSymbols_2014\Security\Lock_Protected-ghosted.svg, 7968, 4351, 54%
OfficeSymbols_2014\Security\Lock_Protected-green.svg, 1711, 840, 49%
OfficeSymbols_2014\Security\Lock_Protected-orange.svg, 1711, 840, 49%
OfficeSymbols_2014\Security\Lock_Protected.svg, 1707, 836, 48%
OfficeSymbols_2014\Security\Lock_Unprotected-blue.svg, 1699, 829, 48%
OfficeSymbols_2014\Security\Lock_Unprotected-ghosted.svg, 8169, 4439, 54%
OfficeSymbols_2014\Security\Lock_Unprotected-green.svg, 1698, 823, 48%
OfficeSymbols_2014\Security\Lock_Unprotected-orange.svg, 1699, 829, 48%
OfficeSymbols_2014\Security\Lock_Unprotected.svg, 1613, 839, 52%
OfficeSymbols_2014\Security\Lock_with_Key_Security-blue.svg, 2952, 1812, 61%
OfficeSymbols_2014\Security\Lock_with_Key_Security-ghosted.svg, 5427, 3123, 57%
OfficeSymbols_2014\Security\Lock_with_Key_Security-green.svg, 2955, 1815, 61%
OfficeSymbols_2014\Security\Lock_with_Key_Security-orange.svg, 2954, 1814, 61%
OfficeSymbols_2014\Security\Lock_with_Key_Security.svg, 2886, 1755, 60%
OfficeSymbols_2014\Security\Management_Role.svg, 2148, 1227, 57%
OfficeSymbols_2014\Security\Policy.svg, 2297, 1359, 59%
OfficeSymbols_2014\Security\Protected_Voice_Mail.svg, 3483, 2170, 62%
OfficeSymbols_2014\Security\Retention_Policy.svg, 4320, 2794, 64%
OfficeSymbols_2014\Security\Retention_Policy_Tag.svg, 3383, 2092, 61%
OfficeSymbols_2014\Security\Role_Assignment_Policy.svg, 3734, 2233, 59%
OfficeSymbols_2014\Security\Role_Group.svg, 6112, 4009, 65%
OfficeSymbols_2014\Security\Secure_Messaging.svg, 2826, 1551, 54%
OfficeSymbols_2014\Security\Security_Access_Portal.svg, 3808, 2608, 68%
OfficeSymbols_2014\Security\Sharing_Policy.svg, 4251, 2660, 62%
OfficeSymbols_2014\Security\Split-Domain_User.svg, 7920, 4416, 55%
OfficeSymbols_2014\Security\Token.svg, 1153, 729, 63%
OfficeSymbols_2014\Security\Token_Service.svg, 5515, 4167, 75%
OfficeSymbols_2014\Security\Trusted_Application_Server.svg, 2548, 1437, 56%
OfficeSymbols_2014\Security\UM_Mailbox_Policy.svg, 4689, 3354, 71%
OfficeSymbols_2014\Security\Universal_Security_Group.svg, 6548, 4482, 68%
OfficeSymbols_2014\Servers\3rd-Party_Mail_Server.svg, 5064, 2979, 58%
OfficeSymbols_2014\Servers\Active_Directory_Federation_Services_Proxy.svg, 3548, 2169, 61%
OfficeSymbols_2014\Servers\Active_Directory_Federation_Services_Server-blue.svg, 3047, 1925, 63%
OfficeSymbols_2014\Servers\Active_Directory_Federation_Services_Server-ghosted.svg, 6930, 4166, 60%
OfficeSymbols_2014\Servers\Active_Directory_Federation_Services_Server-green.svg, 3050, 1928, 63%
OfficeSymbols_2014\Servers\Active_Directory_Federation_Services_Server-orange.svg, 3050, 1928, 63%
OfficeSymbols_2014\Servers\Active_Directory_Federation_Services_Server.svg, 1743, 1041, 59%
OfficeSymbols_2014\Servers\Application_Server-blue.svg, 3006, 1601, 53%
OfficeSymbols_2014\Servers\Application_Server-ghosted.svg, 7653, 3977, 51%
OfficeSymbols_2014\Servers\Application_Server-green.svg, 3012, 1604, 53%
OfficeSymbols_2014\Servers\Application_Server-orange.svg, 3012, 1604, 53%
OfficeSymbols_2014\Servers\Application_Server.svg, 2785, 1506, 54%
OfficeSymbols_2014\Servers\Call_Admission_Control_Service.svg, 5956, 4143, 69%
OfficeSymbols_2014\Servers\Certificate_Authority.svg, 3744, 2228, 59%
OfficeSymbols_2014\Servers\Cluster_Server-ghosted.svg, 17209, 8823, 51%
OfficeSymbols_2014\Servers\Cluster_Server.svg, 2808, 1518, 54%
OfficeSymbols_2014\Servers\Cluster_Server_-blue.svg, 2949, 1542, 52%
OfficeSymbols_2014\Servers\Cluster_Server_-green.svg, 2954, 1547, 52%
OfficeSymbols_2014\Servers\Cluster_Server_-orange.svg, 2948, 1541, 52%
OfficeSymbols_2014\Servers\Database_Server-blue.svg, 2623, 1397, 53%
OfficeSymbols_2014\Servers\Database_Server-ghosted.svg, 6125, 3463, 56%
OfficeSymbols_2014\Servers\Database_Server-green.svg, 2619, 1393, 53%
OfficeSymbols_2014\Servers\Database_Server-orange.svg, 2623, 1397, 53%
OfficeSymbols_2014\Servers\Database_Server.svg, 2446, 1330, 54%
OfficeSymbols_2014\Servers\Datacenter.svg, 7065, 3298, 46%
OfficeSymbols_2014\Servers\DirSync_Server.svg, 3594, 1939, 53%
OfficeSymbols_2014\Servers\Domain_Controller.svg, 2268, 1255, 55%
OfficeSymbols_2014\Servers\Exchange_2010_Client_Access_Server_Role.svg, 6513, 4214, 64%
OfficeSymbols_2014\Servers\Exchange_2010_Edge_Transport_Server_Role.svg, 5488, 3534, 64%
OfficeSymbols_2014\Servers\Exchange_2010_Hub_Transport_Server_Role.svg, 5848, 3604, 61%
OfficeSymbols_2014\Servers\Exchange_2010_Mailbox_Server_Role.svg, 5958, 3780, 63%
OfficeSymbols_2014\Servers\Exchange_2010_UM_Server_Role.svg, 7301, 5142, 70%
OfficeSymbols_2014\Servers\Exchange_2013_Client_Access_Server.svg, 5691, 3649, 64%
OfficeSymbols_2014\Servers\Exchange_2013_Edge_Transport_Server.svg, 4438, 2879, 64%
OfficeSymbols_2014\Servers\Exchange_2013_Mailbox_Server.svg, 5190, 3261, 62%
OfficeSymbols_2014\Servers\Exchange_2013_Server.svg, 3769, 2480, 65%
OfficeSymbols_2014\Servers\File_Server.svg, 2557, 1348, 52%
OfficeSymbols_2014\Servers\Hybrid_Server.svg, 3711, 2338, 63%
OfficeSymbols_2014\Servers\lib-office-servers-drawio.svg, 218090, 109575, 50%
OfficeSymbols_2014\Servers\Mainframe.svg, 2944, 1548, 52%
OfficeSymbols_2014\Servers\Mainframe_Host.svg, 2455, 1251, 50%
OfficeSymbols_2014\Servers\Monitoring_SQL_Reporting_Services.svg, 6340, 4580, 72%
OfficeSymbols_2014\Servers\Network.svg, 2628, 1321, 50%
OfficeSymbols_2014\Servers\Office_Web_Apps_Server.svg, 2163, 1147, 53%
OfficeSymbols_2014\Servers\On-premises_Server.svg, 2453, 1415, 57%
OfficeSymbols_2014\Servers\Physical_Host-solid_blue.svg, 1413, 528, 37%
OfficeSymbols_2014\Servers\Physical_Host_Farm-solid_blue.svg, 2216, 1334, 60%
OfficeSymbols_2014\Servers\Reverse_Proxy.svg, 2340, 1234, 52%
OfficeSymbols_2014\Servers\SCOM.svg, 3821, 2278, 59%
OfficeSymbols_2014\Servers\Server-side_Code.svg, 3154, 1601, 50%
OfficeSymbols_2014\Servers\Server_Disaster.svg, 2748, 1510, 54%
OfficeSymbols_2014\Servers\Server_Farm-blue.svg, 2195, 1335, 60%
OfficeSymbols_2014\Servers\Server_Farm-ghosted.svg, 18425, 9856, 53%
OfficeSymbols_2014\Servers\Server_Farm-green.svg, 2195, 1335, 60%
OfficeSymbols_2014\Servers\Server_Farm-orange.svg, 2195, 1335, 60%
OfficeSymbols_2014\Servers\Server_Farm.svg, 4572, 2390, 52%
OfficeSymbols_2014\Servers\Server_Generic-blue.svg, 1416, 531, 37%
OfficeSymbols_2014\Servers\Server_Generic-ghosted.svg, 7628, 3878, 50%
OfficeSymbols_2014\Servers\Server_Generic-green.svg, 1416, 531, 37%
OfficeSymbols_2014\Servers\Server_Generic-orange.svg, 1414, 519, 36%
OfficeSymbols_2014\Servers\Server_Generic.svg, 1413, 528, 37%
OfficeSymbols_2014\Servers\SharePoint_Server.svg, 3485, 2280, 65%
OfficeSymbols_2014\Servers\Skype_for_Business_Back-End_Server.svg, 4658, 2951, 63%
OfficeSymbols_2014\Servers\Skype_for_Business_Back-End_Server_Mirror.svg, 5180, 3306, 63%
OfficeSymbols_2014\Servers\Skype_for_Business_Director.svg, 4455, 2861, 64%
OfficeSymbols_2014\Servers\Skype_for_Business_Director_Array.svg, 5004, 3232, 64%
OfficeSymbols_2014\Servers\Skype_for_Business_Edge_Server.svg, 4222, 2733, 64%
OfficeSymbols_2014\Servers\Skype_for_Business_Edge_Server_Pool.svg, 4969, 3191, 64%
OfficeSymbols_2014\Servers\Skype_for_Business_Front-End_Pool.svg, 5214, 3387, 64%
OfficeSymbols_2014\Servers\Skype_for_Business_Front-End_Server.svg, 4594, 2953, 64%
OfficeSymbols_2014\Servers\Skype_for_Business_Mediation_Server.svg, 6152, 4422, 71%
OfficeSymbols_2014\Servers\Skype_for_Business_Monitoring_Server.svg, 5297, 3351, 63%
OfficeSymbols_2014\Servers\Skype_for_Business_Persistent_Chat_Server.svg, 8288, 5546, 66%
OfficeSymbols_2014\Servers\Skype_for_Business_Server.svg, 3598, 2384, 66%
OfficeSymbols_2014\Servers\SQL_Server.svg, 3774, 2166, 57%
OfficeSymbols_2014\Servers\Survivable_Branch_Appliance.svg, 2854, 1547, 54%
OfficeSymbols_2014\Servers\Survivable_Branch_Server.svg, 3339, 1811, 54%
OfficeSymbols_2014\Servers\Topology_Builder.svg, 10781, 6518, 60%
OfficeSymbols_2014\Servers\Trusted_Application_Pool.svg, 3205, 1802, 56%
OfficeSymbols_2014\Servers\Trusted_Application_Server.svg, 2563, 1443, 56%
OfficeSymbols_2014\Servers\Tunnel_Angled.svg, 2052, 1112, 54%
OfficeSymbols_2014\Servers\Tunnel_Straight.svg, 1856, 924, 49%
OfficeSymbols_2014\Servers\Video_Interop_Server.svg, 8694, 5935, 68%
OfficeSymbols_2014\Servers\Virtual_Application_Server-blue.svg, 9246, 4824, 52%
OfficeSymbols_2014\Servers\Virtual_Application_Server.svg, 9744, 4959, 50%
OfficeSymbols_2014\Servers\Virtual_Database_Server-blue.svg, 8882, 4627, 52%
OfficeSymbols_2014\Servers\Virtual_Database_Server.svg, 9350, 4761, 50%
OfficeSymbols_2014\Servers\Virtual_Server-blue.svg, 8059, 4115, 51%
OfficeSymbols_2014\Servers\Virtual_Server.svg, 8316, 4210, 50%
OfficeSymbols_2014\Servers\Virtual_Web_server-blue.svg, 12680, 6870, 54%
OfficeSymbols_2014\Servers\Virtual_Web_server.svg, 13150, 6968, 52%
OfficeSymbols_2014\Servers\Voicemail_Preview_Partner.svg, 3119, 1916, 61%
OfficeSymbols_2014\Servers\Web_Server-blue.svg, 6288, 3682, 58%
OfficeSymbols_2014\Servers\Web_Server-ghosted.svg, 16398, 9568, 58%
OfficeSymbols_2014\Servers\Web_Server-green.svg, 6290, 3684, 58%
OfficeSymbols_2014\Servers\Web_Server-orange.svg, 6294, 3688, 58%
OfficeSymbols_2014\Servers\Web_Server.svg, 3048, 1942, 63%
OfficeSymbols_2014\Servers\Windows_Router.svg, 4527, 2385, 52%
OfficeSymbols_2014\Servers\Windows_Server.svg, 2817, 1410, 50%
OfficeSymbols_2014\Services\3rd_Party_Service.svg, 6904, 5140, 74%
OfficeSymbols_2014\Services\Access_Services.svg, 6099, 4859, 79%
OfficeSymbols_2014\Services\Business_Connectivity_Services.svg, 3532, 2055, 58%
OfficeSymbols_2014\Services\Call_Admission_Control_Service.svg, 5898, 4110, 69%
OfficeSymbols_2014\Services\Central_Management_Service.svg, 4800, 3592, 74%
OfficeSymbols_2014\Services\Conference_Announcement_Service.svg, 6784, 4890, 72%
OfficeSymbols_2014\Services\Device_Update_Service.svg, 6406, 4680, 73%
OfficeSymbols_2014\Services\Email_Service.svg, 4895, 3616, 73%
OfficeSymbols_2014\Services\Excel_Services.svg, 8075, 5576, 69%
OfficeSymbols_2014\Services\Federation_Service.svg, 5600, 4177, 74%
OfficeSymbols_2014\Services\lib-office-services-drawio.svg, 80310, 46566, 57%
OfficeSymbols_2014\Services\Lync_Storage_Service.svg, 6465, 4898, 75%
OfficeSymbols_2014\Services\Lync_Web_App_Client.svg, 7990, 5168, 64%
OfficeSymbols_2014\Services\Mobility_Service.svg, 4568, 3538, 77%
OfficeSymbols_2014\Services\Network_File_Share_Service.svg, 4610, 3501, 75%
OfficeSymbols_2014\Services\Online_Hosted_Services.svg, 9362, 6364, 67%
OfficeSymbols_2014\Services\Outlook_Web_App.svg, 7803, 4659, 59%
OfficeSymbols_2014\Services\PowerPoint_Automation_Services.svg, 6934, 5108, 73%
OfficeSymbols_2014\Services\Push_Notification_Service.svg, 5492, 4065, 74%
OfficeSymbols_2014\Services\Registrar_Service.svg, 6467, 4767, 73%
OfficeSymbols_2014\Services\Response_Group_Service.svg, 6201, 4670, 75%
OfficeSymbols_2014\Services\Service.svg, 6175, 2937, 47%
OfficeSymbols_2014\Services\Skype_for_Business_Storage_Service.svg, 6588, 5128, 77%
OfficeSymbols_2014\Services\User_Services.svg, 5325, 4191, 78%
OfficeSymbols_2014\Services\Verification_Service.svg, 5200, 4076, 78%
OfficeSymbols_2014\Services\Visio_Services.svg, 6792, 5155, 75%
OfficeSymbols_2014\Services\Web_Services.svg, 8616, 6010, 69%
OfficeSymbols_2014\Services\Word_Automation_Services.svg, 7084, 5021, 70%
OfficeSymbols_2014\Services\XMPP_Service.svg, 6321, 4655, 73%
OfficeSymbols_2014\Sites\Access_Services.svg, 5920, 4883, 82%
OfficeSymbols_2014\Sites\Blog_Site.svg, 2915, 1824, 62%
OfficeSymbols_2014\Sites\Business_Connectivity_Services.svg, 3267, 2041, 62%
OfficeSymbols_2014\Sites\Excel_Services.svg, 7665, 5605, 73%
OfficeSymbols_2014\Sites\lib-office-sites-drawio.svg, 42771, 22557, 52%
OfficeSymbols_2014\Sites\Meeting_Workspace_Site.svg, 6542, 4819, 73%
OfficeSymbols_2014\Sites\My_Site.svg, 3931, 2439, 62%
OfficeSymbols_2014\Sites\PowerPoint_Automation_Services.svg, 6637, 5129, 77%
OfficeSymbols_2014\Sites\Publish.svg, 4145, 2291, 55%
OfficeSymbols_2014\Sites\Site_Collection.svg, 1700, 773, 45%
OfficeSymbols_2014\Sites\Site_Shared.svg, 4212, 2657, 63%
OfficeSymbols_2014\Sites\Site_Team.svg, 4232, 3032, 71%
OfficeSymbols_2014\Sites\Subsite-blue.svg, 1906, 1134, 59%
OfficeSymbols_2014\Sites\Subsite-ghosted.svg, 15019, 8414, 56%
OfficeSymbols_2014\Sites\Subsite-green.svg, 1912, 1137, 59%
OfficeSymbols_2014\Sites\Subsite-orange.svg, 1912, 1137, 59%
OfficeSymbols_2014\Sites\Subsite.svg, 1900, 1131, 59%
OfficeSymbols_2014\Sites\Upgrade_Site.svg, 3844, 2134, 55%
OfficeSymbols_2014\Sites\Visio_Services.svg, 6511, 5141, 78%
OfficeSymbols_2014\Sites\Website.svg, 6738, 4127, 61%
OfficeSymbols_2014\Sites\Website_Public.svg, 8178, 5529, 67%
OfficeSymbols_2014\Sites\Wiki_Site.svg, 4113, 2402, 58%
OfficeSymbols_2014\Sites\Word_Automation_Services.svg, 6733, 5026, 74%
OfficeSymbols_2014\Users\Administrator.svg, 1039, 1005, 96%
OfficeSymbols_2014\Users\Approver.svg, 4491, 3010, 67%
OfficeSymbols_2014\Users\Call_Center_Agent.svg, 1386, 1351, 97%
OfficeSymbols_2014\Users\Communications.svg, 3348, 2155, 64%
OfficeSymbols_2014\Users\Conferencing_Attendant.svg, 7072, 4918, 69%
OfficeSymbols_2014\Users\Credentials.svg, 3393, 2188, 64%
OfficeSymbols_2014\Users\CSV_File.svg, 3729, 2428, 65%
OfficeSymbols_2014\Users\Distribution_Group.svg, 6137, 3761, 61%
OfficeSymbols_2014\Users\Dynamic_Distribution_Group.svg, 6292, 3992, 63%
OfficeSymbols_2014\Users\lib-office-users-drawio.svg, 65040, 38190, 58%
OfficeSymbols_2014\Users\Mail_User.svg, 3737, 2177, 58%
OfficeSymbols_2014\Users\Meeting.svg, 7069, 5029, 71%
OfficeSymbols_2014\Users\Mobile_User.svg, 750, 717, 95%
OfficeSymbols_2014\Users\On-Premises_User.svg, 3193, 2051, 64%
OfficeSymbols_2014\Users\Online_User.svg, 3677, 2568, 69%
OfficeSymbols_2014\Users\Outlook_User.svg, 3520, 2316, 65%
OfficeSymbols_2014\Users\Response_Group.svg, 6201, 4670, 75%
OfficeSymbols_2014\Users\Response_Group_Service.svg, 6201, 4670, 75%
OfficeSymbols_2014\Users\Role_Group.svg, 6125, 4022, 65%
OfficeSymbols_2014\Users\Skype_Commercial_User.svg, 4142, 2834, 68%
OfficeSymbols_2014\Users\Skype_for_Business_User.svg, 4441, 3136, 70%
OfficeSymbols_2014\Users\Tenant_Admin.svg, 3602, 2378, 66%
OfficeSymbols_2014\Users\UM-Enabled_User.svg, 4871, 3633, 74%
OfficeSymbols_2014\Users\Universal_Security_Group.svg, 6546, 4480, 68%
OfficeSymbols_2014\Users\User-blue.svg, 2392, 1545, 64%
OfficeSymbols_2014\Users\User-ghosted.svg, 7809, 4611, 59%
OfficeSymbols_2014\Users\User-green.svg, 2391, 1544, 64%
OfficeSymbols_2014\Users\User-orange.svg, 2394, 1547, 64%
OfficeSymbols_2014\Users\User.svg, 551, 518, 94%
OfficeSymbols_2014\Users\Users-blue.svg, 6405, 4417, 68%
OfficeSymbols_2014\Users\Users-ghosted.svg, 15944, 9969, 62%
OfficeSymbols_2014\Users\Users-green.svg, 6408, 4420, 68%
OfficeSymbols_2014\Users\Users-orange.svg, 6405, 4417, 68%
OfficeSymbols_2014\Users\Users.svg, 1839, 1192, 64%
OfficeSymbols_2014\Users\Users_Two-blue.svg, 4629, 3115, 67%
OfficeSymbols_2014\Users\Users_Two-ghosted.svg, 12618, 7707, 61%
OfficeSymbols_2014\Users\Users_Two-green.svg, 4629, 3115, 67%
OfficeSymbols_2014\Users\Users_Two-orange.svg, 4627, 3113, 67%
OfficeSymbols_2014\Users\Users_Two.svg, 4628, 3112, 67%
OfficeSymbols_2014\Users\User_Accounts.svg, 5601, 3270, 58%
OfficeSymbols_2014\Users\User_driver.svg, 4619, 2011, 43%
OfficeSymbols_2014\Users\User_External.svg, 3049, 1939, 63%
OfficeSymbols_2014\Users\User_ghosted.svg, 1030, 648, 62%
OfficeSymbols_2014\Users\User_Services.svg, 5328, 4194, 78%
OfficeSymbols_2014\Users\User_Store.svg, 3429, 2116, 61%
OfficeSymbols_2014\Users\Writer.svg, 3356, 2248, 66%